0,1,2,3,4
Christine,Parent,2013,4,BessonVille
Anouk,Techer,2017,6,Sainte Frédéric-les-Bains
Valérie,Lemoine,1987,5,PereiraBourg
Virginie,Da Costa,1982,9,Mary
Zacharie,Loiseau,2007,11,Sainte Nathalie
Jeanne,Torres,2019,8,Fernandes
Denise,Mace,1997,2,Marin
Léon,Lacombe,1998,10,Rodrigues
Martine,Louis,2001,5,Lucasboeuf
Honoré,Legrand,1982,3,Sainte Léon
Capucine,Parent,1993,8,Sainte Élodie
Célina,Salmon,2012,6,Barbe
Claudine,Labbe,2005,9,Guillonboeuf
Daniel,David,1985,10,Alves
Clémence,Blanc,2000,6,Garnier-sur-Giraud
Franck,Muller,2020,4,Delaunay
Jules,Lemaire,1998,11,Lejeunedan
Anne,Lacroix,2019,4,Delannoy
Roland,Hardy,1983,10,Henry
Léon,Roger,1989,10,Morvan
Luce,Gomes,2013,4,Delattre-sur-Mer
Maurice,Legrand,2018,3,Bouchernec
Élise,Boulanger,2001,9,Saint Odette
Michelle,Carlier,2000,2,Duhamel
Alexandre,Bruneau,1982,10,Saint Claudine
Michelle,Picard,2001,1,Michel
daisy,Clerc,2015,2,Durand
Rémy,Rolland,2015,9,Rodrigues
Frédéric,Deschamps,2020,11,Lombardnec
Patrick,Dufour,1983,7,Pintoboeuf
Catherine,Vincent,1997,10,Clerc-sur-Hardy
Pauline,Hubert,2020,3,Mace
René,Lamy,2023,9,Muller
Lorraine,Diaz,2008,1,De Oliveiranec
Virginie,Grondin,1993,6,Jourdan
Valentine,Muller,1999,3,Marquesboeuf
Étienne,Gros,1995,12,Sainte Thibaut
René,Merle,2015,8,Saint Marthe
Gérard,Joseph,1986,7,Peron
Agathe,Denis,1980,8,Fabre
Raymond,Nguyen,2007,2,Mary
Clémence,Morel,2014,9,Cordierboeuf
daisy,Teixeira,1990,2,Collet-sur-Mer
Zoé,Mallet,2006,9,Moreno
Étienne,Martin,1987,10,Gautiernec
Dominique,Duval,1986,8,Pierre-les-Bains
Françoise,Laine,2015,2,Barbe
Clémence,Maurice,2003,2,Deschampsnec
Xavier,Paris,2011,1,Marynec
René,Sanchez,1998,1,Sainte Alexandrie
Paulette,Lagarde,1990,9,Torres-la-Forêt
Henri,Renault,2003,3,Gerard
Philippe,Da Silva,1984,4,Camus
Françoise,Bonnet,1995,7,DupontBourg
Stéphane,Chauveau,2000,3,Mailletdan
Olivie,Leveque,2022,12,Gilbert
Noël,Menard,2010,10,Gillet-sur-Dupont
Lucy,Weber,1996,1,Marin
Caroline,Mahe,2008,7,Techer
Olivier,Pinto,2006,3,Sainte Bernard
Hugues,Langlois,1982,11,Payet-la-Forêt
Odette,Schmitt,2001,12,CollinVille
Thérèse,Blot,2021,10,Leclercq
Lucy,Legrand,2007,9,Morvan
Amélie,Joseph,2011,5,Grondin
Charles,Jourdan,1985,6,Blot
Laurent,Becker,2020,6,Lopes
Martin,Leclercq,2007,8,Toussaint-les-Bains
Susanne,Sauvage,1992,10,Lecoq
Valérie,Gillet,1980,1,CohenBourg
Bernard,Perez,1983,5,Herve
Hélène,Lecomte,1988,12,Moreno-sur-Collin
Lucy,Samson,1995,9,Levydan
Chantal,Guillot,2001,3,Dos Santos-sur-Herve
Thibaut,Lefebvre,2023,1,Valette-la-Forêt
Franck,Torres,2016,5,Lebon
Thérèse,Grondin,1986,2,Fouquet-sur-Mer
Danielle,Gosselin,2023,4,Saint Émiliedan
Adrienne,Meyer,2010,5,Launay-la-Forêt
Édith,Meyer,2016,5,Vaillant-sur-Mer
Jacqueline,Voisin,2013,12,Jacquet
Catherine,Julien,2017,6,Sainte Alex
Manon,Pottier,1988,11,Le Roux
Michèle,Delaunay,1994,3,Blondel-les-Bains
Françoise,Chauveau,1995,2,GeorgesVille
Odette,Mallet,2022,3,Bonnin
Zacharie,Denis,2017,2,BoucherBourg
Jacqueline,Marie,2000,12,Joubert-sur-Mer
Dorothée,Fontaine,1991,2,Poulainnec
Éléonore,Rey,1980,10,Saint Anaïs
Alexandria,Munoz,2008,1,Turpinboeuf
Gabrielle,Morel,1994,7,Saint Tristan
Isabelle,Munoz,2011,1,Samson-les-Bains
Geneviève,Chauveau,2013,3,Girard
Anouk,Delannoy,1995,9,RemyBourg
Sabine,Grenier,2002,4,Saint Patricia
Adrien,Dumont,1989,9,Dijoux
Théophile,Boyer,1984,1,Saint Inès-les-Bains
Olivie,Gimenez,2017,5,Bonneau
Élisabeth,Lucas,2002,2,Diallo
Caroline,Vidal,2000,11,Ruiz
Agathe,Dumont,2020,8,Toussaint
Thibaut,Roger,2022,5,Jourdan
Gabrielle,Guillou,1989,1,Allainnec
Anaïs,Lefevre,1995,12,Gosselin-sur-Bonneau
Théophile,Dupuy,1987,5,Saint Stéphanie-les-Bains
Roland,Courtois,1981,1,Sainte Frédéric
Zacharie,Seguin,2016,5,BonneauBourg
Corinne,Diallo,1995,5,Dijoux-sur-Gomez
Daniel,Gilbert,2011,7,Cordier
Thomas,Guillaume,2004,1,Huet
Adrienne,Antoine,1984,5,Rey-les-Bains
Benoît,Hardy,2015,3,Dufourdan
François,Letellier,1996,7,Neveunec
Geneviève,Pons,1993,7,Pages
Thomas,Marin,1983,5,Bonneau
Mathilde,Ramos,1994,2,Poulain-sur-Mer
Hortense,Leduc,1985,10,Rodriguez-la-Forêt
Sabine,Legros,2017,9,Saint MartheVille
Éléonore,Torres,2015,5,Gerard
Thérèse,Benard,2007,8,Foucherboeuf
Nathalie,Labbe,2004,6,Saint MichelleVille
Gabriel,Paul,2002,9,Jean
Étienne,Faivre,2010,10,Texier
Olivie,Mathieu,2010,4,Samson
Alix,Guillaume,1994,12,Le Roux
Louis,Rolland,1990,8,Sainte Alphonse-sur-Mer
Benoît,Renault,1986,12,Pinto-sur-Rodrigues
Philippine,Rodriguez,1988,9,Levequenec
Aurélie,Chauvin,2016,4,Bouchet-la-Forêt
Anouk,Navarro,2001,7,Sainte Christiane
Thierry,Bailly,2013,8,Millet
Corinne,Delaunay,2008,5,Martins
Anaïs,Blin,2012,12,Evrarddan
Catherine,Ramos,1988,5,Joseph
Auguste,Lecomte,1987,7,Delattre
Anastasie,Lucas,2009,3,Devauxboeuf
Capucine,Schneider,1994,9,Huet-sur-Fleury
Pénélope,Le Roux,1991,2,Jean
Benoît,Salmon,1995,12,Perret-les-Bains
Amélie,Valette,1980,6,Lucas-la-Forêt
Victoire,Sauvage,2000,10,Perrin-la-Forêt
Vincent,Duval,2009,7,Saint Isaacnec
Isabelle,Chretien,1996,10,Clementboeuf
Emmanuel,Marchand,2016,9,Bruneau
Étienne,Lebreton,1984,11,Blin-la-Forêt
Emmanuel,Maillet,2020,10,Saint Michelle
Agathe,Blot,2002,7,Normand
Thomas,Arnaud,1992,3,LacroixVille
Lucas,Henry,2022,6,Cohen-sur-Gallet
Xavier,Leroy,2019,5,Delannoy-sur-Mer
Alexandre,Ramos,2022,8,Rocher
Madeleine,Barre,2002,9,Parent-sur-Cousin
Frédéric,Neveu,1987,2,Launay
Vincent,Louis,1985,11,Schmittdan
Nath,Carpentier,2015,10,Ledoux
Cécile,Chauveau,2021,11,Bouchet-la-Forêt
Madeleine,Marie,2008,1,Masson
Bernadette,Jacquot,1995,12,Dupre-sur-Morin
Agnès,Neveu,2002,12,Meyer
Pierre,Denis,2022,6,Bertrand
Céline,Clement,1998,10,LeleuBourg
Henri,Guillaume,2006,6,Coste-sur-Mer
Maryse,Raymond,1993,9,Martinsnec
Margaux,Thomas,2017,7,Faure
Sabine,Becker,1993,12,DurandBourg
Robert,Guillaume,1995,2,Sainte Alice
Thierry,Grenier,2003,3,Thomas
Raymond,Godard,2007,6,Boyerdan
William,Ruiz,2019,8,Jacques
Henriette,Faivre,2006,8,Gros
François,Letellier,2015,7,Klein-les-Bains
Honoré,Sanchez,1998,5,Hoarau
Olivier,Arnaud,2003,9,Chauveau
Thérèse,Foucher,1987,1,Hebert
Frédéric,Simon,1993,3,Sainte Capucine
Alex,Mace,1986,2,Reynaud-les-Bains
Benoît,Techer,1989,3,Blondel
Charles,Lopez,2015,7,Gimenez-sur-Leroux
Maurice,Brunel,2023,12,Bailly
Marthe,Evrard,2016,8,Denis-sur-Thierry
Aurore,Poulain,1988,12,Didier
Adèle,Toussaint,1986,2,LegrosBourg
Paulette,Hebert,2019,6,Lecoq
Nicole,Courtois,2008,4,Sainte Édouardnec
Marianne,Lefevre,2021,4,Saint Michelle
Éric,Samson,2009,3,Sainte Matthieu
Mathilde,Bruneau,2003,4,Morvan-les-Bains
Capucine,Arnaud,1986,4,Martineaunec
Guillaume,Chevalier,2007,9,Rossi
Madeleine,Fouquet,2018,12,Renaud
Sylvie,Perrin,2014,7,Fleury
Margot,Colin,1986,10,Salmon
Joseph,Delannoy,1996,4,Blanchard
Emmanuel,Renard,1989,10,Launay-sur-Prevost
Christiane,Schmitt,1984,6,ColinVille
Denis,Menard,1998,12,Saint Charlesdan
Amélie,Verdier,1989,6,Maheboeuf
Léon,Perrot,2011,12,Mendes-sur-Dias
Chantal,Gaillard,1989,9,Guillet-les-Bains
Nicole,Fernandes,2008,4,Maheboeuf
Inès,Dumont,2002,12,Aubert
Isabelle,Albert,2015,4,SanchezVille
Sébastien,Garcia,1984,6,Marion-les-Bains
Michel,Lagarde,2016,9,Humbert-sur-Schneider
Olivie,Carlier,1990,3,Alves-les-Bains
Emmanuel,Martin,1986,9,Costa
Madeleine,Leveque,1981,8,Meyer
Virginie,Lombard,2004,7,Da Costa-la-Forêt
Franck,Renault,1983,1,Rossi-sur-Bourdon
Stéphane,Jacquot,2007,4,Antoine
Martin,Lejeune,1980,9,Boutin
Margot,Remy,2013,12,Albert
Astrid,Bertrand,2013,8,Mace
Astrid,Dumont,1995,12,Didier-sur-Henry
Thomas,Lemaire,2019,1,Pereira
Maggie,Guillet,2019,11,Gautier-les-Bains
Danielle,Texier,2021,9,Saint Lucienec
Roland,Marechal,2012,8,Leclercq
Michelle,Jacquet,2006,4,Normand
Alex,Charles,2007,8,Galletdan
Vincent,Marin,1991,10,Pereira-sur-Allain
Jean,Lecoq,2003,4,Saint Adrien
Roland,Dias,1999,4,Saint Joseph
Nathalie,Fontaine,1994,12,Piresdan
Corinne,Lacroix,2005,7,Sainte HuguesVille
Michèle,Besnard,1986,4,Sainte LaureVille
Danielle,Adam,1997,3,Imbertnec
Pénélope,Traore,1995,5,Sainte daisy
Victor,Delorme,2006,9,Barthelemy-sur-Merle
Vincent,Weber,2015,11,Tanguy
Léon,Gomes,2009,4,Loiseau
Capucine,Lagarde,2001,12,Dumontboeuf
Aurélie,Laroche,1993,6,Leleu-sur-Blot
Jean,Chartier,1984,8,Garnier-sur-Chevallier
Michèle,Vincent,2021,8,Dos Santos
Stéphanie,Gimenez,1996,2,Mathieu-la-Forêt
Thomas,Guillou,1982,8,Girard
Martin,Ferreira,2011,12,Fournier
Colette,Lambert,2000,9,ImbertBourg
Anaïs,Jacquot,2019,9,Sainte Georgesdan
Guy,Gerard,1984,12,Vallet-sur-Dupuy
Victor,Legrand,1988,10,Carlier-sur-Auger
Constance,Roche,1983,10,Lopez
Joseph,Petit,2002,9,Antoine
Antoine,Regnier,1999,2,Saint Éléonore
Auguste,Leveque,2016,11,Sainte Monique
Adèle,Fleury,1999,3,Lecomte-les-Bains
Gabrielle,Lopez,2002,11,ChartierBourg
Odette,Thibault,2008,3,Huetboeuf
Marcelle,Garnier,2009,7,Saint Georgesdan
Thibault,Lamy,1998,1,Sainte Marthe
Alice,Bonnet,1988,7,Reynaud-sur-Mer
Julien,Tanguy,2011,2,Pintoboeuf
Louis,Dumas,2007,5,Turpinboeuf
Lucas,Bouvet,2005,12,MartinBourg
Philippine,Cousin,2003,6,Teixeira
Xavier,Ruiz,1985,3,Julien
Arthur,Mace,1983,7,Thierry
Clémence,Herve,2010,2,Daniel-la-Forêt
Anouk,Leleu,2002,8,Brun
Théophile,Wagner,2006,5,Pelletier
Stéphanie,Bazin,1993,7,Sainte Aurore
Alexandria,Riviere,2001,10,Alves
Colette,Dubois,1985,7,Sainte CharlotteBourg
Éléonore,Martins,2016,9,Langlois
Marguerite,Bodin,2007,12,TecherBourg
Bertrand,Brunet,1994,10,Evrardnec
Raymond,Roux,1983,3,Saint Adélaïde-sur-Mer
Éric,Legros,2008,4,Foucher
Frédérique,Couturier,2017,4,Coste
Rémy,Voisin,2000,8,Delannoy
Marthe,Bernier,2018,10,Goncalvesboeuf
Pierre,Garcia,2000,9,Merle
Joséphine,Besnard,2009,1,Gillet
Matthieu,Huet,2016,2,Saint Thibaut
Agnès,Jourdan,2003,10,Chauveau
Anouk,Begue,1986,3,BouvetVille
Hélène,Moulin,2013,1,Fabre
Alex,Clement,2018,11,Duhamel
Alice,Cousin,1989,12,Saint Adèle
Célina,Begue,1995,6,Bruneaudan
Alexandrie,Leduc,1988,6,Vallet-sur-Gomes
Alex,Bazin,2006,5,MaryBourg
Margaret,Hamel,1994,4,LeleuBourg
Étienne,Etienne,2021,10,Becker-sur-Brun
Claudine,Etienne,2022,1,Dupre
Émile,Charpentier,2017,12,Dupuisdan
Philippine,Petitjean,1988,1,Perrin
Marianne,Rossi,2008,9,Saint Thierry-les-Bains
Françoise,Munoz,2016,10,Durand
Roger,Chretien,1981,1,Lopes-la-Forêt
Isaac,Jourdan,2011,4,Michaud-la-Forêt
Bernadette,Andre,2005,5,BoutinBourg
Lucy,Lecomte,2021,4,Mathieu-sur-Mer
Patrick,Bouvet,2019,12,Morel
Stéphanie,Klein,1997,12,Marie-sur-Mer
Jules,Blanchet,1995,7,Sainte Dominiqueboeuf
Marianne,Garcia,2018,1,Gallet
Stéphane,Chretien,1998,6,Briandboeuf
